It's Only the Himalayas,Travel,Books,£45.17,£45.17,£0.00,In stock (19 available),0
Libertarianism for Beginners,Politics,Books,£51.33,£51.33,£0.00,In stock (19 available),0
Mesaerion: The Best Science Fiction Stories 1800-1849,Science Fiction,Books,£37.59,£37.59,£0.00,In stock (19 available),0
Olio,Poetry,Books,£23.88,£23.88,£0.00,In stock (19 available),0
"Our Band Could Be Your Life: Scenes from the American Indie Underground, 1981-1991",Music,Books,£57.25,£57.25,£0.00,In stock (19 available),0
Rip it Up and Start Again,Music,Books,£35.02,£35.02,£0.00,In stock (19 available),0
Scott Pilgrim's Precious Little Life (Scott Pilgrim #1),Sequential Art,Books,£52.29,£52.29,£0.00,In stock (19 available),0
Set Me Free,Young Adult,Books,£17.46,£17.46,£0.00,In stock (19 available),0
You can't bury them all: Poems,Poetry,Books,£33.63,£33.63,£0.00,In stock (17 available),0
The Natural History of Us (The Fine Art of Pretending #2),Young Adult,Books,£45.22,£45.22,£0.00,In stock (16 available),0
"Rat Queens, Vol. 3: Demons (Rat Queens (Collected Editions) #11-15)",Sequential Art,Books,£50.40,£50.40,£0.00,In stock (16 available),0
In the Country We Love: My Family Divided,Nonfiction,Books,£22.00,£22.00,£0.00,In stock (16 available),0
"Avatar: The Last Airbender: Smoke and Shadow, Part 3 (Smoke and Shadow #3)",Fantasy,Books,£28.09,£28.09,£0.00,In stock (16 available),0
The Stranger,Philosophy,Books,£17.44,£17.44,£0.00,In stock (15 available),0
The Cookies & Cups Cookbook: 125+ sweet & savory recipes reminding you to Always Eat Dessert First,Food and Drink,Books,£41.25,£41.25,£0.00,In stock (15 available),0
Mrs. Houdini,Historical Fiction,Books,£30.25,£30.25,£0.00,In stock (15 available),0
"Deliciously Ella Every Day: Quick and Easy Recipes for Gluten-Free Snacks, Packed Lunches, and Simple Meals",Food and Drink,Books,£42.16,£42.16,£0.00,In stock (15 available),0
Doing It Over (Most Likely To #1),Romance,Books,£35.61,£35.61,£0.00,In stock (15 available),0
Done Rubbed Out (Reightman & Bailey #1),Default,Books,£37.72,£37.72,£0.00,In stock (15 available),0
Drive: The Surprising Truth About What Motivates Us,Default,Books,£34.95,£34.95,£0.00,In stock (15 available),0
Eureka Trivia 6.0,Default,Books,£54.59,£54.59,£0.00,In stock (15 available),0
"Fables, Vol. 1: Legends in Exile (Fables #1)",Sequential Art,Books,£41.62,£41.62,£0.00,In stock (15 available),0
Finders Keepers (Bill Hodges Trilogy #2),Fiction,Books,£53.53,£53.53,£0.00,In stock (15 available),0
First Steps for New Christians (Print Edition),Default,Books,£29.00,£29.00,£0.00,In stock (15 available),0
Follow You Home,Horror,Books,£21.36,£21.36,£0.00,In stock (15 available),0
Frostbite (Vampire Academy #2),Young Adult,Books,£29.99,£29.99,£0.00,In stock (15 available),0
Full Moon over Noah’s Ark: An Odyssey to Mount Ararat and Beyond,Travel,Books,£49.43,£49.43,£0.00,In stock (15 available),0
Grumbles,Default,Books,£22.16,£22.16,£0.00,In stock (15 available),0
Hollow City (Miss Peregrine’s Peculiar Children #2),Fantasy,Books,£42.98,£42.98,£0.00,In stock (15 available),0
I Had a Nice Time And Other Lies...: How to find love & sh*t like that,Womens Fiction,Books,£57.36,£57.36,£0.00,In stock (15 available),0
Large Print Heart of the Pride,Default,Books,£19.15,£19.15,£0.00,In stock (15 available),0
Library of Souls (Miss Peregrine’s Peculiar Children #3),Young Adult,Books,£48.56,£48.56,£0.00,In stock (15 available),0
Little Red,Childrens,Books,£13.47,£13.47,£0.00,In stock (15 available),0
Louisa: The Extraordinary Life of Mrs. Adams,Biography,Books,£16.85,£16.85,£0.00,In stock (15 available),0
Miss Peregrine’s Home for Peculiar Children (Miss Peregrine’s Peculiar Children #1),Default,Books,£10.76,£10.76,£0.00,In stock (15 available),0
Modern Romance,Add a comment,Books,£28.26,£28.26,£0.00,In stock (15 available),0
Night Sky with Exit Wounds,Poetry,Books,£41.05,£41.05,£0.00,In stock (15 available),0
"Nightingale, Sing",Young Adult,Books,£38.28,£38.28,£0.00,In stock (15 available),0
Poems That Make Grown Women Cry,Poetry,Books,£14.19,£14.19,£0.00,In stock (15 available),0
Poses for Artists Volume 1 - Dynamic and Sitting Poses: An Essential Reference for Figure Drawing and the Human Form,Default,Books,£41.06,£41.06,£0.00,In stock (15 available),0
Redeeming Love,Christian Fiction,Books,£20.47,£20.47,£0.00,In stock (15 available),0
Romero and Juliet: A Tragic Tale of Love and Zombies,Default,Books,£36.94,£36.94,£0.00,In stock (15 available),0
Scarlett Epstein Hates It Here,Young Adult,Books,£43.55,£43.55,£0.00,In stock (15 available),0
Secrets and Lace (Fatal Hearts #1),Default,Books,£20.27,£20.27,£0.00,In stock (15 available),0
"Shobu Samurai, Project Aryoku (#3)",Add a comment,Books,£29.06,£29.06,£0.00,In stock (15 available),0
Shoe Dog: A Memoir by the Creator of NIKE,Business,Books,£23.99,£23.99,£0.00,In stock (15 available),0
So You've Been Publicly Shamed,Nonfiction,Books,£12.23,£12.23,£0.00,In stock (15 available),0
Soft Apocalypse,Science Fiction,Books,£26.12,£26.12,£0.00,In stock (15 available),0
Something More Than This,Romance,Books,£16.24,£16.24,£0.00,In stock (15 available),0
Suddenly in Love (Lake Haven #1),Romance,Books,£55.99,£55.99,£0.00,In stock (15 available),0
The 10% Entrepreneur: Live Your Startup Dream Without Quitting Your Day Job,Business,Books,£27.55,£27.55,£0.00,In stock (15 available),0
The Argonauts,Autobiography,Books,£10.93,£10.93,£0.00,In stock (15 available),0
The Art of War,Default,Books,£33.34,£33.34,£0.00,In stock (15 available),0
The Artist's Way: A Spiritual Path to Higher Creativity,Nonfiction,Books,£38.49,£38.49,£0.00,In stock (15 available),0
The Bridge to Consciousness: I'm Writing the Bridge Between Science and Our Old and New Beliefs.,Default,Books,£32.00,£32.00,£0.00,In stock (15 available),0
The Emerald Mystery,Default,Books,£23.15,£23.15,£0.00,In stock (15 available),0
The Genius of Birds,Nonfiction,Books,£17.24,£17.24,£0.00,In stock (15 available),0
The Girl on the Train,Default,Books,£55.02,£55.02,£0.00,In stock (15 available),0
The Glittering Court (The Glittering Court #1),Fantasy,Books,£44.28,£44.28,£0.00,In stock (15 available),0
The House by the Lake,Historical Fiction,Books,£36.95,£36.95,£0.00,In stock (15 available),0
The Kite Runner,Default,Books,£41.82,£41.82,£0.00,In stock (15 available),0
The Long Shadow of Small Ghosts: Murder and Memory in an American City,Crime,Books,£10.97,£10.97,£0.00,In stock (15 available),0
The Love and Lemons Cookbook: An Apple-to-Zucchini Celebration of Impromptu Cooking,Food and Drink,Books,£37.60,£37.60,£0.00,In stock (15 available),0
The Matchmaker's Playbook (Wingmen Inc. #1),New Adult,Books,£55.85,£55.85,£0.00,In stock (15 available),0
The Mistake (Off-Campus #2),New Adult,Books,£43.29,£43.29,£0.00,In stock (15 available),0
The Murder of Roger Ackroyd (Hercule Poirot #4),Mystery,Books,£44.10,£44.10,£0.00,In stock (15 available),0
The Nerdy Nummies Cookbook: Sweet Treats for the Geek in All of Us,Food and Drink,Books,£37.34,£37.34,£0.00,In stock (15 available),0
The Omnivore's Dilemma: A Natural History of Four Meals,Nonfiction,Books,£38.21,£38.21,£0.00,In stock (15 available),0
The Power of Now: A Guide to Spiritual Enlightenment,Nonfiction,Books,£43.54,£43.54,£0.00,In stock (15 available),0
The Project,Science Fiction,Books,£10.65,£10.65,£0.00,In stock (15 available),0
The Psychopath Test: A Journey Through the Madness Industry,Default,Books,£36.00,£36.00,£0.00,In stock (15 available),0
The Regional Office Is Under Attack!,Fiction,Books,£51.36,£51.36,£0.00,In stock (15 available),0
The Secret (The Secret #1),Default,Books,£27.37,£27.37,£0.00,In stock (15 available),0
The Shadow Hero (The Shadow Hero),Sequential Art,Books,£33.14,£33.14,£0.00,In stock (15 available),0
The Third Wave: An Entrepreneur’s Vision of the Future,Business,Books,£12.61,£12.61,£0.00,In stock (15 available),0
The Vacationers,Fiction,Books,£42.15,£42.15,£0.00,In stock (15 available),0
The Wedding Dress,Romance,Books,£24.12,£24.12,£0.00,In stock (15 available),0
The White Cat and the Monk: A Retelling of the Poem “Pangur Bán”,Childrens,Books,£58.08,£58.08,£0.00,In stock (15 available),0
Thirteen Reasons Why,Default,Books,£52.72,£52.72,£0.00,In stock (15 available),0
Thomas Jefferson and the Tripoli Pirates: The Forgotten War That Changed American History,History,Books,£59.64,£59.64,£0.00,In stock (15 available),0
Throne of Glass (Throne of Glass #1),Fantasy,Books,£35.07,£35.07,£0.00,In stock (15 available),0
Tracing Numbers on a Train,Default,Books,£41.60,£41.60,£0.00,In stock (15 available),0
Tuesday Nights in 1980,Fiction,Books,£21.04,£21.04,£0.00,In stock (15 available),0
"William Shakespeare's Star Wars: Verily, A New Hope (William Shakespeare's Star Wars #4)",Science Fiction,Books,£43.30,£43.30,£0.00,In stock (15 available),0
You Are What You Love: The Spiritual Power of Habit,Religion,Books,£21.87,£21.87,£0.00,In stock (15 available),0
(Un)Qualified: How God Uses Broken People to Do Big Things,Christian,Books,£54.00,£54.00,£0.00,In stock (16 available),0
A Court of Thorns and Roses (A Court of Thorns and Roses #1),Fantasy,Books,£52.37,£52.37,£0.00,In stock (16 available),0
